StarID,ProperName,X,Y,Z
1,"first",-0.608689357138432,-0.9672257217353655,0.8045730047561162
2,"second",0.07181248200413037,-0.3761949251289296,0.7046072156267704
3,"third",0.25271058589116757,-0.6183411032523025,0.32915103655057165
4,"fourth",0.5664490414899284,0.19176116926632325,-0.6902115476079322
5,"fifth",0.029814899119857907,-0.6277724709511492,-0.19450563491526962
6,"sixth",0.4893162146321981,-0.941218938604905,0.512083032300535
7,"seventh",0.35821049232416247,0.46077369083145614,0.7757900921907321
8,"eighth",-0.33814457151355337,0.45280410477672284,0.7860059407145585
9,"ninth",-0.5224057334956376,-0.011030430250010603,-0.9094588850801437