StarID,ProperName,X,Y,Z
1,"first",-0.09617622760572186,0.6812048424549948,0.4439778720489991
2,"second",-0.6408263300739614,-0.20527120928708475,0.28853035892972434
3,"third",-0.07719358733014081,-0.6902750481678712,0.4008682444157785
4,"forth",0.3999657537605805,0.2954576947059,-0.4219032837461121
5,"fifth",0.7545331748871831,0.10316916074933435,-0.270638121728336
6,"sixth",-0.30741644543962443,0.2861182651806857,-0.7593437602609157
7,"seventh",-0.010457098818197563,0.5152722110263561,0.32176797635202425